{
  "data_source": {
    "type": "json_snapshots",
    "path": "/home/ly/project/Topology_optimization_1/experiments/../data/private_eth",
    "n_snapshots": 45,
    "n_nodes": 106
  },
  "baseline": {
    "n_nodes": 106,
    "n_edges": 1240,
    "mean_degree": 23.39622641509434,
    "std_degree": 4.927166213162737,
    "max_degree": 26,
    "min_degree": 0,
    "clustering_coeff": 0.9513576617386902,
    "lambda2": 0.0,
    "is_connected": false,
    "global_efficiency": 0.22416891284815813,
    "avg_path_length": Infinity,
    "avg_path_length_lcc": 1.0142450142450143,
    "diameter": 2,
    "lcc_ratio": 0.25471698113207547,
    "n_components": 8,
    "R": 0.5527872246345248,
    "R_s": 0.6033669263698326,
    "R_c": 0.2254160363086233,
    "R_r": 0.9387024406670855,
    "R_conn": 0.0,
    "R_degree": 0.8101007791094976,
    "R_clust": 1.0,
    "weights": [
      0.3,
      0.4,
      0.3
    ]
  },
  "mle": {
    "params": {
      "alpha": 0.09967141530112328,
      "beta": 0.06382643011711847,
      "alpha_L": 0.11476885381006925,
      "alpha_G": 0.20230298564080257,
      "lambda_L": 0.0734153374723336,
      "lambda_G": 0.07341369569491805
    },
    "loss": 1158.090909090909
  },
  "optimization": {
    "before": {
      "n_nodes": 106,
      "n_edges": 1240,
      "mean_degree": 23.39622641509434,
      "std_degree": 4.927166213162737,
      "max_degree": 26,
      "min_degree": 0,
      "clustering_coeff": 0.9513576617386902,
      "lambda2": 0.0,
      "is_connected": false,
      "global_efficiency": 0.22416891284815813,
      "avg_path_length": Infinity,
      "avg_path_length_lcc": 1.0142450142450143,
      "diameter": 2,
      "lcc_ratio": 0.25471698113207547,
      "n_components": 8,
      "R": 0.5527872246345248,
      "R_s": 0.6033669263698326,
      "R_c": 0.2254160363086233,
      "R_r": 0.9387024406670855,
      "R_conn": 0.0,
      "R_degree": 0.8101007791094976,
      "R_clust": 1.0,
      "weights": [
        0.3,
        0.4,
        0.3
      ]
    },
    "after": {
      "n_nodes": 106,
      "n_edges": 1331,
      "mean_degree": 25.11320754716981,
      "std_degree": 2.8659377427996264,
      "max_degree": 27,
      "min_degree": 8,
      "clustering_coeff": 0.9106947711541641,
      "lambda2": 0.0013860333025998283,
      "is_connected": true,
      "global_efficiency": 0.4838574423480002,
      "avg_path_length": 2.776460017969452,
      "avg_path_length_lcc": 2.776460017969452,
      "diameter": 4,
      "n_components": 1,
      "lcc_ratio": 1.0,
      "R": 0.6576627849970745,
      "R_s": 0.603813013872958,
      "R_c": 0.4872247436543985,
      "R_r": 0.9387632779114257,
      "R_conn": 1.3075785873583286e-05,
      "R_degree": 0.8114259658330004,
      "R_clust": 1.0,
      "weights": [
        0.3,
        0.4,
        0.3
      ]
    },
    "R_improvement_pct": 18.97213895127338,
    "changes": {
      "add": 17,
      "remove": 0,
      "modify": 0
    },
    "steps": 30,
    "time_s": 105.24253869056702
  },
  "optimization_history": [
    {
      "step": 0,
      "R": 0.5527872246345248,
      "R_s": 0.6033669263698326,
      "R_c": 0.2254160363086233,
      "R_r": 0.9387024406670855,
      "time": 0.0
    },
    {
      "step": 1,
      "R": 0.6508760018152735,
      "R_s": 0.6035187642968883,
      "R_c": 0.4701210287443284,
      "R_r": 0.9392398700949192,
      "time": 16.33263397216797
    },
    {
      "step": 2,
      "R": 0.6511566041154218,
      "R_s": 0.6035427625549308,
      "R_c": 0.4708606488485501,
      "R_r": 0.939165052698408,
      "time": 30.45455551147461
    },
    {
      "step": 3,
      "R": 0.6513093161449413,
      "R_s": 0.6035666466642898,
      "R_c": 0.47152462598756545,
      "R_r": 0.938764905835427,
      "time": 36.0167133808136
    },
    {
      "step": 4,
      "R": 0.6549074714351977,
      "R_s": 0.6035874102039501,
      "R_c": 0.4805261388468679,
      "R_r": 0.9387359761175516,
      "time": 39.08913254737854
    },
    {
      "step": 5,
      "R": 0.655947536457947,
      "R_s": 0.6036039110477822,
      "R_c": 0.4831736426290163,
      "R_r": 0.9386563536400194,
      "time": 42.09133267402649
    },
    {
      "step": 6,
      "R": 0.6560945508685204,
      "R_s": 0.603621099542888,
      "R_c": 0.4835266431333024,
      "R_r": 0.9386585458411102,
      "time": 46.878642559051514
    },
    {
      "step": 7,
      "R": 0.6564795813695599,
      "R_s": 0.6036342502915187,
      "R_c": 0.4844511682635767,
      "R_r": 0.9386961299222452,
      "time": 49.97933292388916
    },
    {
      "step": 8,
      "R": 0.6558931719671492,
      "R_s": 0.6036415941084038,
      "R_c": 0.48272818961170216,
      "R_r": 0.9390313929664904,
      "time": 52.090240240097046
    },
    {
      "step": 9,
      "R": 0.6555145015161732,
      "R_s": 0.6036633396561186,
      "R_c": 0.48184568835098585,
      "R_r": 0.9389240809298112,
      "time": 53.15473031997681
    },
    {
      "step": 10,
      "R": 0.6553638525311707,
      "R_s": 0.6036728470021681,
      "R_c": 0.48146747352496466,
      "R_r": 0.9389166967351149,
      "time": 57.034637212753296
    },
    {
      "step": 11,
      "R": 0.654409523645263,
      "R_s": 0.603694472720278,
      "R_c": 0.47909732728189974,
      "R_r": 0.9388741697213988,
      "time": 58.25575852394104
    },
    {
      "step": 12,
      "R": 0.6566063438255455,
      "R_s": 0.6037086570140978,
      "R_c": 0.48468650193310076,
      "R_r": 0.9387304864935863,
      "time": 61.09745931625366
    },
    {
      "step": 13,
      "R": 0.6564739331065963,
      "R_s": 0.6037264736686567,
      "R_c": 0.4844091443940185,
      "R_r": 0.9386411108279729,
      "time": 62.926880836486816
    },
    {
      "step": 14,
      "R": 0.6564527795355,
      "R_s": 0.6037386070071741,
      "R_c": 0.4844091443940186,
      "R_r": 0.9385584655858012,
      "time": 69.52662014961243
    },
    {
      "step": 15,
      "R": 0.6569128764187908,
      "R_s": 0.6037496746239942,
      "R_c": 0.4854597411329664,
      "R_r": 0.9386802585946867,
      "time": 71.85940861701965
    },
    {
      "step": 16,
      "R": 0.6569404448593933,
      "R_s": 0.6037602480352122,
      "R_c": 0.48550176500252407,
      "R_r": 0.9387055481594,
      "time": 74.41207504272461
    },
    {
      "step": 17,
      "R": 0.6570969465086101,
      "R_s": 0.6037693203279693,
      "R_c": 0.4858379559589873,
      "R_r": 0.938769893422081,
      "time": 84.81239628791809
    },
    {
      "step": 18,
      "R": 0.6569039337193585,
      "R_s": 0.6037858413029076,
      "R_c": 0.48529164565473476,
      "R_r": 0.9388384102219747,
      "time": 89.16668272018433
    },
    {
      "step": 19,
      "R": 0.6568796568081426,
      "R_s": 0.6037976729248663,
      "R_c": 0.48524962178517694,
      "R_r": 0.9388016873887066,
      "time": 91.65661430358887
    },
    {
      "step": 20,
      "R": 0.6576627849970745,
      "R_s": 0.603813013872958,
      "R_c": 0.4872247436543985,
      "R_r": 0.9387632779114257,
      "time": 95.90592169761658
    },
    {
      "step": 21,
      "R": 0.6559708828081768,
      "R_s": 0.6038175346419067,
      "R_c": 0.48314842830728094,
      "R_r": 0.9385541703089748,
      "time": 97.67895078659058
    },
    {
      "step": 22,
      "R": 0.6568694361923042,
      "R_s": 0.6038300542629145,
      "R_c": 0.4852916456547345,
      "R_r": 0.93867920550512,
      "time": 98.4570665359497
    },
    {
      "step": 23,
      "R": 0.6571621078533555,
      "R_s": 0.6038379116054359,
      "R_c": 0.4858799798285453,
      "R_r": 0.938862474801022,
      "time": 99.31339526176453
    },
    {
      "step": 24,
      "R": 0.6569587797990566,
      "R_s": 0.6038497093375669,
      "R_c": 0.4855017650025242,
      "R_r": 0.9386772033225897,
      "time": 100.11021709442139
    },
    {
      "step": 25,
      "R": 0.6567835331161098,
      "R_s": 0.6038598710487192,
      "R_c": 0.4849554546982712,
      "R_r": 0.9388112997406187,