{
  "data_source": {
    "type": "json_snapshots",
    "path": "/home/ly/project/Topology_optimization_1/experiments/../data/private_eth",
    "n_snapshots": 45,
    "n_nodes": 106
  },
  "baseline": {
    "n_nodes": 106,
    "n_edges": 1240,
    "mean_degree": 23.39622641509434,
    "std_degree": 4.927166213162737,
    "max_degree": 26,
    "min_degree": 0,
    "clustering_coeff": 0.9513576617386902,
    "lambda2": 0.0,
    "is_connected": false,
    "global_efficiency": 0.22416891284815813,
    "avg_path_length": Infinity,
    "avg_path_length_lcc": 1.0142450142450143,
    "diameter": 2,
    "lcc_ratio": 0.25471698113207547,
    "n_components": 8,
    "R": 0.5527872246345248,
    "R_s": 0.6033669263698326,
    "R_c": 0.2254160363086233,
    "R_r": 0.9387024406670855,
    "R_conn": 0.0,
    "R_degree": 0.8101007791094976,
    "R_clust": 1.0,
    "weights": [
      0.3,
      0.4,
      0.3
    ]
  },
  "mle": {
    "params": {
      "alpha": 0.09967141530112328,
      "beta": 0.06382643011711847,
      "alpha_L": 0.11476885381006925,
      "alpha_G": 0.20230298564080257,
      "lambda_L": 0.0734153374723336,
      "lambda_G": 0.07341369569491805
    },
    "loss": 1158.090909090909
  },
  "optimization": {
    "before": {
      "n_nodes": 106,
      "n_edges": 1240,
      "mean_degree": 23.39622641509434,
      "std_degree": 4.927166213162737,
      "max_degree": 26,
      "min_degree": 0,
      "clustering_coeff": 0.9513576617386902,
      "lambda2": 0.0,
      "is_connected": false,
      "global_efficiency": 0.22416891284815813,
      "avg_path_length": Infinity,
      "avg_path_length_lcc": 1.0142450142450143,
      "diameter": 2,
      "lcc_ratio": 0.25471698113207547,
      "n_components": 8,
      "R": 0.5527872246345248,
      "R_s": 0.6033669263698326,
      "R_c": 0.2254160363086233,
      "R_r": 0.9387024406670855,
      "R_conn": 0.0,
      "R_degree": 0.8101007791094976,
      "R_clust": 1.0,
      "weights": [
        0.3,
        0.4,
        0.3
      ]
    },
    "after": {
      "n_nodes": 106,
      "n_edges": 2591,
      "mean_degree": 48.886792452830186,
      "std_degree": 3.2223299747788303,
      "max_degree": 50,
      "min_degree": 26,
      "clustering_coeff": 0.5208139330616686,
      "lambda2": 5.303658834910841,
      "is_connected": true,
      "global_efficiency": 0.7327942497753819,
      "avg_path_length": 1.5344115004492362,
      "avg_path_length_lcc": 1.5344115004492362,
      "diameter": 2,
      "n_components": 1,
      "lcc_ratio": 1.0,
      "R": 0.7981013092374881,
      "R_s": 0.6308902911796634,
      "R_c": 0.9193141704488149,
      "R_r": 0.8036951790135434,
      "R_conn": 0.050034517310479636,
      "R_degree": 0.8426363562285107,
      "R_clust": 1.0,
      "weights": [
        0.3,
        0.4,
        0.3
      ]
    },
    "R_improvement_pct": 44.37766896026816,
    "changes": {
      "add": 1320,
      "remove": 0,
      "modify": 296
    },
    "steps": 36,
    "time_s": 87.88830614089966
  },
  "optimization_history": [
    {
      "step": 0,
      "R": 0.5527872246345248,
      "R_s": 0.6033669263698326,
      "R_c": 0.2254160363086233,
      "R_r": 0.9387024406670855,
      "time": 0.0
    },
    {
      "step": 1,
      "R": 0.7397034373713767,
      "R_s": 0.6140108012524199,
      "R_c": 0.7239031770045385,
      "R_r": 0.8864630873127846,
      "time": 1.519345760345459
    },
    {
      "step": 2,
      "R": 0.7359398361083516,
      "R_s": 0.6164323203724782,
      "R_c": 0.7266767523953606,
      "R_r": 0.8677981301282129,
      "time": 3.9822824001312256
    },
    {
      "step": 3,
      "R": 0.7357946555179493,
      "R_s": 0.6184870283716797,
      "R_c": 0.7370146243066061,
      "R_r": 0.8514756576126769,
      "time": 6.444146633148193
    },
    {
      "step": 4,
      "R": 0.7414307165446574,
      "R_s": 0.6194639983137017,
      "R_c": 0.7528996469994957,
      "R_r": 0.8481055275024953,
      "time": 8.909693241119385
    },
    {
      "step": 5,
      "R": 0.7444891661048885,
      "R_s": 0.6195995957847361,
      "R_c": 0.7597075138678769,
      "R_r": 0.8490876060743897,
      "time": 11.369930744171143
    },
    {
      "step": 6,
      "R": 0.7473146464468088,
      "R_s": 0.6200730721200489,
      "R_c": 0.7667675239536057,
      "R_r": 0.8486190507645062,
      "time": 13.836822032928467
    },
    {
      "step": 7,
      "R": 0.7496946705161227,
      "R_s": 0.620610717515467,
      "R_c": 0.7735753908219869,
      "R_r": 0.8469376631089593,
      "time": 16.30018401145935
    },
    {
      "step": 8,
      "R": 0.7508367844565121,
      "R_s": 0.6219101065350107,
      "R_c": 0.7813918305597579,
      "R_r": 0.8390234009070193,
      "time": 18.766342163085938
    },
    {
      "step": 9,
      "R": 0.7530211761238947,
      "R_s": 0.623240163466302,
      "R_c": 0.7917297024710035,
      "R_r": 0.831190820318676,
      "time": 21.231130123138428
    },
    {
      "step": 10,
      "R": 0.7553273796430218,
      "R_s": 0.6234191208081482,
      "R_c": 0.7967725668179526,
      "R_r": 0.8319753889113211,
      "time": 23.704489707946777
    },
    {
      "step": 11,
      "R": 0.7581778302725876,
      "R_s": 0.6246949849235831,
      "R_c": 0.8066061522945033,
      "R_r": 0.8270895795923708,
      "time": 26.169229745864868
    },
    {
      "step": 12,
      "R": 0.7605285482006384,
      "R_s": 0.6255253391282036,
      "R_c": 0.8141704488149268,
      "R_r": 0.8240092231206886,
      "time": 28.64612078666687
    },
    {
      "step": 13,
      "R": 0.761862941483939,
      "R_s": 0.6261027458929694,
      "R_c": 0.8199697428139183,
      "R_r": 0.8201474019682695,
      "time": 31.111266613006592
    },
    {
      "step": 14,
      "R": 0.7655122957107858,
      "R_s": 0.6261482071156661,
      "R_c": 0.8282904689863843,
      "R_r": 0.8211721532717744,
      "time": 33.57599425315857
    },
    {
      "step": 15,
      "R": 0.7666971273819302,
      "R_s": 0.6267585112057475,
      "R_c": 0.8333333333333334,
      "R_r": 0.8177874689562419,
      "time": 36.043824195861816
    },
    {
      "step": 16,
      "R": 0.7701661619694558,
      "R_s": 0.6268511658199655,
      "R_c": 0.8411497730711044,
      "R_r": 0.818836343316748,
      "time": 38.508355379104614
    },
    {
      "step": 17,
      "R": 0.7717985907591353,
      "R_s": 0.627744689196309,
      "R_c": 0.8469490670700958,
      "R_r": 0.815651857240681,
      "time": 40.969478607177734
    },
    {
      "step": 18,
      "R": 0.7729985779194589,
      "R_s": 0.6286472255325478,
      "R_c": 0.8550176500252143,
      "R_r": 0.8079911674986963,
      "time": 43.43691658973694
    },
    {
      "step": 19,
      "R": 0.7743307262271288,
      "R_s": 0.6291843416256152,
      "R_c": 0.8605648008068583,
      "R_r": 0.8044983447223365,
      "time": 45.90735983848572
    },
    {
      "step": 20,
      "R": 0.7760107950785949,
      "R_s": 0.6298049969616345,
      "R_c": 0.8671205244578921,
      "R_r": 0.8007369540231591,
      "time": 48.36711621284485
    },
    {
      "step": 21,
      "R": 0.7779378125409245,
      "R_s": 0.6297006308432515,
      "R_c": 0.8711548159354513,
      "R_r": 0.8018856563792285,
      "time": 50.83806610107422
    },
    {
      "step": 22,
      "R": 0.7795363173081508,
      "R_s": 0.6296927449995802,
      "R_c": 0.8746848209783157,
      "R_r": 0.8025152180565014,
      "time": 53.31040596961975
    },
    {
      "step": 23,
      "R": 0.7805156400931093,
      "R_s": 0.6304281804077381,
      "R_c": 0.8792233988905699,
      "R_r": 0.7989927547151993,
      "time": 55.77829146385193
    },
    {
      "step": 24,
      "R": 0.7828562316385212,
      "R_s": 0.6308576918263894,
      "R_c": 0.8867876954109934,
      "R_r": 0.7962794864206902,
      "time": 58.2454137802124
    },
    {
      "step": 25,
      "R": 0.7852821332683134,
      "R_s": 0.6310936130211403,
      "R_c": 0.8920827029752899,
      "R_r": 0.7970698939061845,