{
  "baseline": {
    "n_nodes": 106,
    "n_edges": 1703,
    "mean_degree": 32.132075471698116,
    "std_degree": 13.03194585138955,
    "max_degree": 50,
    "min_degree": 0,
    "clustering_coeff": 0.3651888017573313,
    "lambda2": 2.842170943040401e-14,
    "is_connected": false,
    "avg_path_length": 1.7001831501831501,
    "diameter": 3,
    "lcc_ratio": 0.9905660377358491,
    "R": 0.7133597292968032,
    "R_s": 0.5555312793302186,
    "R_c": 0.6465792570179861,
    "R_r": 0.9602288089684775,
    "R_conn": 2.681293342490944e-16,
    "R_degree": 0.6665938379906556,
    "R_clust": 1.0,
    "weights": [
      0.3,
      0.4,
      0.3
    ]
  },
  "mle": {
    "params": {
      "alpha": 0.4397510062748056,
      "beta": 0.01,
      "alpha_L": 0.01,
      "alpha_G": 0.1391256426841822,
      "lambda_L": 0.1075971747508913,
      "lambda_G": 0.04832090780347956
    },
    "loss": 1203.1223868614775
  },
  "optimization": {
    "before": {
      "n_nodes": 106,
      "n_edges": 1703,
      "mean_degree": 32.132075471698116,
      "std_degree": 13.03194585138955,
      "max_degree": 50,
      "min_degree": 0,
      "clustering_coeff": 0.3651888017573313,
      "lambda2": 2.842170943040401e-14,
      "is_connected": false,
      "avg_path_length": 1.7001831501831501,
      "diameter": 3,
      "lcc_ratio": 0.9905660377358491,
      "R": 0.7133597292968032,
      "R_s": 0.5555312793302186,
      "R_c": 0.6465792570179861,
      "R_r": 0.9602288089684775,
      "R_conn": 2.681293342490944e-16,
      "R_degree": 0.6665938379906556,
      "R_clust": 1.0,
      "weights": [
        0.3,
        0.4,
        0.3
      ]
    },
    "after": {
      "n_nodes": 106,
      "n_edges": 2521,
      "mean_degree": 47.56603773584906,
      "std_degree": 4.750409849099871,
      "max_degree": 50,
      "min_degree": 11,
      "clustering_coeff": 0.573749476822623,
      "lambda2": 0.034713771118978436,
      "is_connected": true,
      "avg_path_length": 1.5509433962264152,
      "diameter": 3,
      "R": 0.7483554831706021,
      "R_s": 0.5633047492516453,
      "R_c": 0.7291141368297193,
      "R_r": 0.9590613455440691,
      "R_conn": 0.0003274884067828154,
      "R_degree": 0.6895867593481531,
      "R_clust": 1.0,
      "weights": [
        0.3,
        0.4,
        0.3
      ]
    },
    "R_improvement_pct": 4.905765273334957,
    "changes": {
      "add": 808,
      "remove": 0,
      "modify": 1384
    },
    "steps": 30,
    "time_s": 7.834228277206421
  },
  "optimization_history": [
    {
      "step": 0,
      "R": 0.7133597292968032,
      "R_s": 0.5555312793302186,
      "R_c": 0.6465792570179861,
      "R_r": 0.9602288089684775,
      "time": 0.0
    },
    {
      "step": 1,
      "R": 0.7449350183557222,
      "R_s": 0.5559567878092913,
      "R_c": 0.7254160363086232,
      "R_r": 0.9599385582982854,
      "time": 0.25577616691589355
    },
    {
      "step": 2,
      "R": 0.7449270697857038,
      "R_s": 0.5563340470627526,
      "R_c": 0.7252479408303916,
      "R_r": 0.959758931115738,
      "time": 0.5097742080688477
    },
    {
      "step": 3,
      "R": 0.7453580272801686,
      "R_s": 0.5566905549738833,
      "R_c": 0.7261724659606655,
      "R_r": 0.9596062480124583,
      "time": 0.7654836177825928
    },
    {
      "step": 4,
      "R": 0.7455809071879937,
      "R_s": 0.5570207452819625,
      "R_c": 0.726424609178013,
      "R_r": 0.9596827997739993,
      "time": 1.0195951461791992
    },
    {
      "step": 5,
      "R": 0.7456841385511812,
      "R_s": 0.5573477855831555,
      "R_c": 0.726424609178013,
      "R_r": 0.9596998640167647,
      "time": 1.2769391536712646
    },
    {
      "step": 6,
      "R": 0.7459450728731996,
      "R_s": 0.5576791382538516,
      "R_c": 0.7269288956127079,
      "R_r": 0.9595659105065367,
      "time": 1.561033010482788
    },
    {
      "step": 7,
      "R": 0.7460081322780939,
      "R_s": 0.5579987366180456,
      "R_c": 0.7269288956127079,
      "R_r": 0.959456510158657,
      "time": 1.8193855285644531
    },
    {
      "step": 8,
      "R": 0.7461931417841547,
      "R_s": 0.5582981754056516,
      "R_c": 0.7271810388300554,
      "R_r": 0.9594375787681239,
      "time": 2.0787792205810547
    },
    {
      "step": 9,
      "R": 0.7462526979623093,
      "R_s": 0.5586013682874723,
      "R_c": 0.7271810388300554,
      "R_r": 0.9593329064801516,
      "time": 2.3408098220825195
    },
    {
      "step": 10,
      "R": 0.7463621119032606,
      "R_s": 0.5588746785476103,
      "R_c": 0.7271810388300554,
      "R_r": 0.9594243093565178,
      "time": 2.600248098373413
    },
    {
      "step": 11,
      "R": 0.746441305551304,
      "R_s": 0.5591455862742651,
      "R_c": 0.7271810388300554,
      "R_r": 0.9594173804566742,
      "time": 2.8605940341949463
    },
    {
      "step": 12,
      "R": 0.746559714448251,
      "R_s": 0.5594144975264304,
      "R_c": 0.7272650865691713,
      "R_r": 0.9594311018755111,
      "time": 3.1189000606536865
    },
    {
      "step": 13,
      "R": 0.7466118668299715,
      "R_s": 0.5596951317635693,
      "R_c": 0.7272650865691713,
      "R_r": 0.9593243089107738,
      "time": 3.373194694519043
    },
    {
      "step": 14,
      "R": 0.7467161556878541,
      "R_s": 0.5599417301059814,
      "R_c": 0.7272650865691713,
      "R_r": 0.959425340094637,
      "time": 3.632817029953003
    },
    {
      "step": 15,
      "R": 0.7468852920284266,
      "R_s": 0.5601961798959209,
      "R_c": 0.7275172297865188,
      "R_r": 0.9593984871501425,
      "time": 3.891113042831421
    },
    {
      "step": 16,
      "R": 0.7469705760431697,
      "R_s": 0.5604360323006777,
      "R_c": 0.7275172297865188,
      "R_r": 0.9594429147945299,
      "time": 4.145159482955933
    },
    {
      "step": 17,
      "R": 0.7470218967409035,
      "R_s": 0.560687081339,
      "R_c": 0.7275172297865188,
      "R_r": 0.959362934748653,
      "time": 4.396162748336792
    },
    {
      "step": 18,
      "R": 0.7473740718624802,
      "R_s": 0.5609291354868224,
      "R_c": 0.7282736594385611,
      "R_r": 0.9592862248033635,
      "time": 4.652657508850098
    },
    {
      "step": 19,
      "R": 0.7474514963147497,
      "R_s": 0.5611498853190592,
      "R_c": 0.7282736594385611,
      "R_r": 0.9593235564786917,
      "time": 4.912631988525391
    },
    {
      "step": 20,
      "R": 0.747537285947343,
      "R_s": 0.5614101357051174,
      "R_c": 0.7285258026559086,
      "R_r": 0.9590130805781482,
      "time": 5.17625093460083
    },
    {
      "step": 21,
      "R": 0.7475935127725073,
      "R_s": 0.56162864285843,
      "R_c": 0.7285258026559086,
      "R_r": 0.9589819961753826,
      "time": 5.427890300750732
    },
    {
      "step": 22,
      "R": 0.7477860618838099,
      "R_s": 0.5618181764576492,
      "R_c": 0.7287779458732561,
      "R_r": 0.9590981019907092,
      "time": 5.683089733123779
    },
    {
      "step": 23,
      "R": 0.7477932632342863,
      "R_s": 0.5620381837999245,
      "R_c": 0.7287779458732561,
      "R_r": 0.9589020991500216,
      "time": 5.9382641315460205
    },
    {
      "step": 24,
      "R": 0.7479011835282445,
      "R_s": 0.562232539326264,
      "R_c": 0.7288619936123718,
      "R_r": 0.9589554142847219,
      "time": 6.224406719207764
    },
    {
      "step": 25,
      "R": 0.7479929641923163,
      "R_s": 0.5624061438329528,
      "R_c": 0.7288619936123718,
      "R_r": 0.9590877453249392,
      "time": 6.526804685592651
    },
    {
      "step": 26,
      "R": 0.7481135520156602,
      "R_s": 0.5626134766708937,
      "R_c": 0.7291141368297193,
      "R_r": 0.9589461809416815,
      "time": 6.780930519104004
    },
    {
      "step": 27,
      "R": 0.7481949080080894,
      "R_s": 0.5627883035544103,
      "R_c": 0.7291141368297193,
      "R_r": 0.9590425406995953,
      "time": 7.033997058868408
    },
    {
      "step": 28,
      "R": 0.7482484520732413,
      "R_s": 0.5629547651305778,